<?xml version="1.0"?>
<config xmlns:xsi="http://www.w3.org/2001/XMLSchema-instance" xsi:noNamespaceSchemaLocation="urn:magento:module:Magento_Config:etc/system_file.xsd">
    <system>
        <section id="magebot" translate="label" showInDefault="1" showInWebsite="1" showInStore="1">
            <label>MageBot</label>
            <tab>service</tab>
            <resource>FireGento_MageBot::config_magebot</resource>
            <group id="hipchat" translate="label"  sortOrder="0" showInDefault="1" showInWebsite="1" showInStore="1">
                <label>HipChat</label>
                <field id="urls" translate="label" type="text" sortOrder="0" showInDefault="1" showInWebsite="1" showInStore="1" canRestore="0">
                    <label>URLs</label>
                </field>
            </group>
            <group id="nexmo" translate="label"  sortOrder="0" showInDefault="1" showInWebsite="1" showInStore="1">
                <label>Nexmo</label>
                <field id="key" translate="label" type="obscure" sortOrder="0" showInDefault="1" showInWebsite="1" showInStore="1" canRestore="0">
                    <backend_model>Magento\Config\Model\Config\Backend\Encrypted</backend_model>
                    <label>Key</label>
                </field>
                <field id="secret" translate="label" type="obscure" sortOrder="0" showInDefault="1" showInWebsite="1" showInStore="1" canRestore="0">
                    <backend_model>Magento\Config\Model\Config\Backend\Encrypted</backend_model>
                    <label>Secret</label>
                </field>
            </group>
            <group id="microsoft" translate="label"  sortOrder="0" showInDefault="1" showInWebsite="1" showInStore="1">
                <label>Microsoft</label>
                <field id="bot_handle" translate="label" type="text" sortOrder="0" showInDefault="1" showInWebsite="1" showInStore="1" canRestore="0">
                    <label>Bot Handle</label>
                </field>
                <field id="app_id" translate="label" type="text" sortOrder="0" showInDefault="1" showInWebsite="1" showInStore="1" canRestore="0">
                    <label>App ID</label>
                </field>
                <field id="app_key" translate="label" type="obscure" sortOrder="0" showInDefault="1" showInWebsite="1" showInStore="1" canRestore="0">
                    <backend_model>Magento\Config\Model\Config\Backend\Encrypted</backend_model>
                    <label>App Key</label>
                </field>
            </group>
            <group id="slack_realtime_api" translate="label"  sortOrder="0" showInDefault="1" showInWebsite="1" showInStore="1">
                <label>Slack Realtime API</label>
                <field id="token" translate="label" type="obscure" sortOrder="0" showInDefault="1" showInWebsite="1" showInStore="1" canRestore="0">
                    <backend_model>Magento\Config\Model\Config\Backend\Encrypted</backend_model>
                    <label>Token</label>
                </field>
            </group>
            <group id="slack_webhook" translate="label"  sortOrder="0" showInDefault="1" showInWebsite="1" showInStore="1">
                <label>Slack Outgoing Webook</label>
                <field id="dummy" translate="label" type="label" sortOrder="0" showInDefault="1" showInWebsite="1" showInStore="1" canRestore="0">
                    <label>No configuration needed</label>
                </field>
            </group>
            <group id="telegram" translate="label"  sortOrder="0" showInDefault="1" showInWebsite="1" showInStore="1">
                <label>Telegram</label>
                <field id="token" translate="label" type="obscure" sortOrder="0" showInDefault="1" showInWebsite="1" showInStore="1" canRestore="0">
                    <backend_model>Magento\Config\Model\Config\Backend\Encrypted</backend_model>
                    <label>Token</label>
                </field>
            </group>

            <group id="facebook" translate="label"  sortOrder="0" showInDefault="1" showInWebsite="1" showInStore="1">
                <label>Facebook</label>
                <field id="token" translate="label" type="obscure" sortOrder="0" showInDefault="1" showInWebsite="1" showInStore="1" canRestore="0">
                    <backend_model>Magento\Config\Model\Config\Backend\Encrypted</backend_model>
                    <label>Token</label>
                </field>
                <field id="app_secret" translate="label" type="obscure" sortOrder="0" showInDefault="1" showInWebsite="1" showInStore="1" canRestore="0">
                    <backend_model>Magento\Config\Model\Config\Backend\Encrypted</backend_model>
                    <label>App Secret</label>
                </field>
                <field id="webhook_token" translate="label" type="obscure" sortOrder="0" showInDefault="1" showInWebsite="1" showInStore="1" canRestore="0">
                    <backend_model>Magento\Config\Model\Config\Backend\Encrypted</backend_model>
                    <label>Webhook Token</label>
                </field>
            </group>
            <group id="wechat" translate="label"  sortOrder="0" showInDefault="1" showInWebsite="1" showInStore="1">
                <label>WeChat</label>
                <field id="app_id" translate="label" type="text" sortOrder="0" showInDefault="1" showInWebsite="1" showInStore="1" canRestore="0">
                    <label>App ID</label>
                </field>
                <field id="app_key" translate="label" type="obscure" sortOrder="0" showInDefault="1" showInWebsite="1" showInStore="1" canRestore="0">
                    <backend_model>Magento\Config\Model\Config\Backend\Encrypted</backend_model>
                    <label>App Key</label>
                </field>
            </group>
        </section>
    </system>
</config>